Workbook

Sheet Tổng quan
A1: SYLLABUS: BUILD REPORT SANG DATABRICKS + POWER BI
A2: Phạm vi: Databricks và Power BI
A4: Đối tượng | B4: Data Engineer, BI Developer, Report Developer
A5: Điều kiện đầu vào | B5: SQL vững; biết Spark/Scala hoặc Python; biết Power BI cơ bản
A6: Hình thức | B6: Workshop + lab + migrate thật 1-2 report mẫu (ví dụ D_SHOP_FLC)
A7: Đầu ra | B7: Tự build 1 report end-to-end: dữ liệu trên Databricks (Medallion) → semantic model → report Power BI, có đối soát
A8: Số tuần | B8: 5
A9: Số buổi | B9: =COUNTA('Lịch học'!B5:B30) -> 26
A10: Tổng giờ | B10: ='Lịch học'!G31 -> 104
A11: % giờ Lab | B11: ='Lịch học'!G32 -> 0.625
A14: Giờ theo tuần
A15: Tuần | B15: Số buổi | C15: Giờ LT | D15: Giờ Lab | E15: Tổng giờ
A16: 1 | B16: =COUNTIF('Lịch học'!$A$5:$A$30,A16) -> 5 | C16: =SUMIFS('Lịch học'!$E$5:$E$30,'Lịch học'!$A$5:$A$30,A16) -> 7.5 | D16: =SUMIFS('Lịch học'!$F$5:$F$30,'Lịch học'!$A$5:$A$30,A16) -> 12.5 | E16: =C16+D16 -> 20
A17: 2 | B17: =COUNTIF('Lịch học'!$A$5:$A$30,A17) -> 5 | C17: =SUMIFS('Lịch học'!$E$5:$E$30,'Lịch học'!$A$5:$A$30,A17) -> 7.5 | D17: =SUMIFS('Lịch học'!$F$5:$F$30,'Lịch học'!$A$5:$A$30,A17) -> 12.5 | E17: =C17+D17 -> 20
A18: 3 | B18: =COUNTIF('Lịch học'!$A$5:$A$30,A18) -> 5 | C18: =SUMIFS('Lịch học'!$E$5:$E$30,'Lịch học'!$A$5:$A$30,A18) -> 7.5 | D18: =SUMIFS('Lịch học'!$F$5:$F$30,'Lịch học'!$A$5:$A$30,A18) -> 12.5 | E18: =C18+D18 -> 20
A19: 4 | B19: =COUNTIF('Lịch học'!$A$5:$A$30,A19) -> 5 | C19: =SUMIFS('Lịch học'!$E$5:$E$30,'Lịch học'!$A$5:$A$30,A19) -> 7.5 | D19: =SUMIFS('Lịch học'!$F$5:$F$30,'Lịch học'!$A$5:$A$30,A19) -> 12.5 | E19: =C19+D19 -> 20
A20: 5 | B20: =COUNTIF('Lịch học'!$A$5:$A$30,A20) -> 6 | C20: =SUMIFS('Lịch học'!$E$5:$E$30,'Lịch học'!$A$5:$A$30,A20) -> 9 | D20: =SUMIFS('Lịch học'!$F$5:$F$30,'Lịch học'!$A$5:$A$30,A20) -> 15 | E20: =C20+D20 -> 24
A21: Tổng | B21: =SUM(B16:B20) -> 26 | C21: =SUM(C16:C20) -> 39 | D21: =SUM(D16:D20) -> 65 | E21: =SUM(E16:E20) -> 104
A23: Chủ đề theo tuần
A24: Tuần 1: Databricks nền tảng & ingest
A25: Tuần 2: Transform & Medallion
A26: Tuần 3: Serving (Databricks SQL), bảo mật, CI/CD
A27: Tuần 4: Power BI - kết nối, model, DAX, report
A28: Tuần 5: Power BI nâng cao, Embedded, UAT, cutover, capstone

Sheet Lịch học
A1: Lịch học chi tiết (26 buổi / 5 tuần)
A2: Giờ LT/Lab là giả định (xanh dương) - sửa tại cột E, F; Tổng giờ tự tính.
A4: Tuần | B4: Buổi | C4: Chủ đề | D4: Nội dung | E4: Giờ LT | F4: Giờ Lab | G4: Tổng giờ | H4: Bài lab
A5: 1 | B5: 1.1 | C5: Databricks cơ bản | D5: Workspace, Cluster, SQL Warehouse, Notebook, Repos, UC Volumes | E5: 1.5 | F5: 2.5 | G5: =E5+F5 -> 4 | H5: Tạo workspace, cluster, kết nối Git
A6: 1 | B6: 1.2 | C6: Lakehouse & Delta Lake | D6: Delta log, ACID, time travel, OPTIMIZE, VACUUM, Liquid Clustering | E6: 1.5 | F6: 2.5 | G6: =E6+F6 -> 4 | H6: Tạo, update, merge bảng Delta
A7: 1 | B7: 1.3 | C7: Unity Catalog | D7: Metastore, catalog.schema.table, external location, phân quyền, lineage | E7: 1.5 | F7: 2.5 | G7: =E7+F7 -> 4 | H7: Thiết kế catalog, cấp quyền
A8: 1 | B8: 1.4 | C8: Ingest dữ liệu | D8: JDBC, Lakeflow Connect, Auto Loader (avro/parquet), CDC, incremental | E8: 1.5 | F8: 2.5 | G8: =E8+F8 -> 4 | H8: Ingest Source DB và file S3 → Bronze
A9: 1 | B9: 1.5 | C9: Databricks Workflows | D9: Job, task, dependency, parameter, retry, job cluster, alert | E9: 1.5 | F9: 2.5 | G9: =E9+F9 -> 4 | H9: Dựng job nhiều task
A10: 2 | B10: 2.1 | C10: Medallion | D10: Bronze/Silver/Gold, quy ước tên stg/fnd/dim/fact | E10: 1.5 | F10: 2.5 | G10: =E10+F10 -> 4 | H10: Thiết kế mapping layer
A11: 2 | B11: 2.2 | C11: Transform bằng PySpark/SQL | D11: Port từ Spark Scala, khác biệt API, thư viện, UDF | E11: 1.5 | F11: 2.5 | G11: =E11+F11 -> 4 | H11: Port 1 job Scala
A12: 2 | B12: 2.3 | C12: Lakeflow Declarative Pipelines (DLT) | D12: Expectations, streaming vs batch, quản lý phụ thuộc | E12: 1.5 | F12: 2.5 | G12: =E12+F12 -> 4 | H12: Dựng pipeline stg→fnd
A13: 2 | B13: 2.4 | C13: Dimensional modeling | D13: SCD1/2, surrogate key, fact grain, MERGE | E13: 1.5 | F13: 2.5 | G13: =E13+F13 -> 4 | H13: Xây dim/fact cho D_SHOP_FLC
A14: 2 | B14: 2.5 | C14: Hiệu năng & chi phí Spark | D14: Partition, skew, broadcast, AQE, Photon, cluster sizing, DBU | E14: 1.5 | F14: 2.5 | G14: =E14+F14 -> 4 | H14: Tối ưu job chậm
A15: 3 | B15: 3.1 | C15: Databricks SQL | D15: SQL Warehouse (Serverless/Pro), query history, caching | E15: 1.5 | F15: 2.5 | G15: =E15+F15 -> 4 | H15: Tạo warehouse, đo hiệu năng
A16: 3 | B16: 3.2 | C16: Chuyển SQL/DDL sang Databricks SQL | D16: Mapping kiểu dữ liệu, khác biệt dialect, partition/bucket → Delta | E16: 1.5 | F16: 2.5 | G16: =E16+F16 -> 4 | H16: Convert DDL và 10 query mẫu
... A30: 5 | B30: 5.6 | C30: Capstone | D30: Migrate end-to-end 1 report: Databricks → Power BI | E30: 1.5 | F30: 2.5 | G30: =E30+F30 -> 4 | H30: Demo + Q&A
C31: Tổng cộng | E31: =SUM(E5:E30) -> 39 | F31: =SUM(F5:F30) -> 65 | G31: =SUM(G5:G30) -> 104
C32: % Lab trên tổng giờ | G32: =IF(G31=0,0,F31/G31) -> 0.625

Sheet Đánh giá
A1: Đánh giá học viên
A2: Nhập điểm (0-100) vào cột D (xanh dương).
A4: Hạng mục | B4: Tỷ trọng | C4: Mô tả | D4: Điểm (0-100) | E4: Điểm quy đổi
A5: Quiz cuối tuần | B5: 0.2 | C5: 5 bài quiz | E5: =B5*D5 -> 0
A6: Lab hằng tuần | B6: 0.3 | C6: Hoàn thành & đúng kết quả lab | E6: =B6*D6 -> 0
A7: Capstone | B7: 0.4 | C7: Migrate 1 report thật, đối soát số liệu | E7: =B7*D7 -> 0
A8: Tham gia, review code | B8: 0.1 | C8: Tương tác, review chéo | E8: =B8*D8 -> 0
A9: Tổng | B9: =SUM(B5:B8) -> 1 | E9: =SUM(E5:E8) -> 0
A11: Ngưỡng đạt | B11: 70
A12: Kết quả | B12: =IF(COUNT(D5:D8)<4,"Chưa đủ điểm",IF(AND(E9>=B11,D7>=B11),"ĐẠT","KHÔNG ĐẠT")) -> Chưa đủ điểm
A13: Đạt khi tổng ≥ ngưỡng và Capstone ≥ ngưỡng.
